program,sw_time
adpcm.c,2579.2479515075684
dfsin.c,2777.695655822754
dfdiv.c,2765.1190757751465
dfmul.c,2674.6273040771484
sha_driver.c,2859.938144683838
mpeg2.c,2372.2410202026367
matrixmultiply.c,2695.4174041748047
dhry.c,2318.0007934570312
mips.c,2208.6262702941895
qsort.c,2263.498306274414
jpeg.c,3159.308433532715
dfadd.c,2675.3783226013184
aes.c,2408.909797668457
